timestamp,x,y,z
2025-03-18 15:35:11.199392+00:00,-0.31,-0.06,-0.43
2025-03-18 15:40:28.559931+00:00,0.49,-0.24,0.31
2025-03-18 15:51:55.767460+00:00,-4.7,-12.7,7.32
2025-03-18 15:37:33.660214+00:00,-0.49,0.49,0.0
2025-03-18 15:34:39.117945+00:00,1.77,0.49,1.95
2025-03-18 15:33:51.048185+00:00,2.87,0.49,0.92
2025-03-18 15:49:27.390870+00:00,-0.12,0.18,0.0
2025-03-18 15:56:46.460539+00:00,-76.42,107.48,-203.74
2025-03-18 15:40:08.786117+00:00,0.24,2.26,0.0
2025-03-18 15:51:25.666004+00:00,-140.56,-115.91,253.48
2025-03-18 15:37:29.551030+00:00,-6.65,-1.16,7.32
2025-03-18 15:35:55.331858+00:00,0.73,0.24,0.61
2025-03-18 15:54:22.200525+00:00,181.03,-102.72,198.73
2025-03-18 15:50:11.523827+00:00,-0.79,-0.18,0.06
2025-03-18 15:53:00.384503+00:00,98.82,48.22,-216.25
2025-03-18 15:40:11.972520+00:00,-1.83,-1.46,-2.32
2025-03-18 15:39:55.915573+00:00,0.0,0.0,0.43
2025-03-18 15:53:01.917999+00:00,0.12,99.91,-68.18
2025-03-18 15:37:43.593373+00:00,0.06,0.0,0.06
2025-03-18 15:33:30.950418+00:00,-1.34,0.06,-0.24
2025-03-18 15:49:41.623883+00:00,0.12,0.18,0.06
2025-03-18 15:52:25.872828+00:00,-98.75,-154.97,635.56
2025-03-18 15:36:53.479280+00:00,-1.34,0.12,0.37
2025-03-18 15:50:43.576824+00:00,0.12,0.18,0.0
2025-03-18 15:37:17.583259+00:00,281.37,580.81,34.73
2025-03-18 15:35:35.261512+00:00,-0.18,0.18,0.06
2025-03-18 15:50:45.568724+00:00,-10.99,-10.56,73.0
2025-03-18 15:52:42.052916+00:00,-35.58,65.55,-54.81
2025-03-18 15:58:10.672738+00:00,2.08,-1.71,1.22
2025-03-18 15:35:29.346621+00:00,-0.12,0.18,0.18
2025-03-18 15:46:44.924159+00:00,-0.79,0.06,0.24
2025-03-18 15:54:10.117227+00:00,46.81,-280.7,131.53
2025-03-18 15:33:14.999365+00:00,0.0,0.24,0.55
2025-03-18 15:56:16.387290+00:00,0.12,0.31,0.0
2025-03-18 15:55:50.329522+00:00,0.06,0.31,0.0
2025-03-18 15:39:03.875567+00:00,1.1,0.67,0.18
2025-03-18 15:53:05.912165+00:00,-192.38,569.89,-441.22
2025-03-18 15:50:41.523633+00:00,0.06,0.18,0.0
2025-03-18 15:47:15.088033+00:00,0.43,1.77,-0.61
2025-03-18 15:56:14.382657+00:00,0.06,0.18,0.0
2025-03-18 15:36:11.390242+00:00,0.12,0.06,-0.43
2025-03-18 15:55:30.275710+00:00,-367.61,-502.44,220.28
2025-03-18 15:51:49.725988+00:00,87.95,7.63,251.22
2025-03-18 15:53:44.109026+00:00,-25.09,3.05,-6.1
2025-03-18 15:41:18.125628+00:00,2.32,1.65,1.83
2025-03-18 15:35:51.362146+00:00,0.55,-0.06,-0.18
2025-03-18 15:32:58.923788+00:00,0.31,0.37,0.18
2025-03-18 15:53:09.396713+00:00,7.26,-61.1,28.14
2025-03-18 15:38:11.752238+00:00,-0.73,-0.98,-1.71
2025-03-18 15:39:37.973882+00:00,-0.06,0.43,-0.12
2025-03-18 15:50:29.529885+00:00,0.06,0.18,0.06
2025-03-18 15:53:28.029961+00:00,-120.48,271.79,100.59
2025-03-18 15:55:04.201274+00:00,-86.24,171.75,-123.96
2025-03-18 15:33:41.006054+00:00,0.92,-0.06,-0.24
2025-03-18 15:41:12.286189+00:00,0.67,0.49,0.06
2025-03-18 15:51:03.645043+00:00,0.92,7.81,-4.21
2025-03-18 15:36:57.512526+00:00,0.0,0.06,-0.06
2025-03-18 15:48:47.661343+00:00,0.06,0.18,0.0
2025-03-18 15:50:23.499217+00:00,0.12,0.18,0.06
2025-03-18 15:53:50.047457+00:00,-130.31,-76.05,313.78
2025-03-18 15:33:43.053902+00:00,-0.43,0.67,1.95
2025-03-18 15:48:01.170240+00:00,-6.65,28.2,55.66
2025-03-18 15:37:45.603715+00:00,0.55,0.06,0.43
2025-03-18 15:51:05.580914+00:00,-3.48,-24.05,12.39
2025-03-18 15:38:27.726860+00:00,-0.85,-0.73,0.43
2025-03-18 15:50:01.467911+00:00,0.06,0.18,0.0
2025-03-18 15:40:18.255884+00:00,0.43,-2.08,-0.12
2025-03-18 15:55:26.262191+00:00,-11.29,-25.02,40.1
2025-03-18 15:55:06.393773+00:00,290.1,-98.45,574.04
2025-03-18 15:53:29.977741+00:00,202.21,-274.23,237.49
2025-03-18 15:51:51.774861+00:00,25.21,99.79,-308.11
2025-03-18 15:38:45.741327+00:00,-0.31,-0.98,-0.12
2025-03-18 15:35:43.281245+00:00,0.61,-0.24,0.12
2025-03-18 15:50:31.596454+00:00,0.18,0.18,0.0
2025-03-18 15:56:22.400024+00:00,0.06,0.37,-0.06
2025-03-18 15:52:29.866706+00:00,-127.08,-61.22,544.98
2025-03-18 15:37:05.193602+00:00,-0.18,0.12,0.18
2025-03-18 15:42:04.228182+00:00,-20.63,4.52,-1.77
2025-03-18 15:54:28.144086+00:00,5.0,-6.35,-6.41
2025-03-18 15:37:05.476249+00:00,-0.18,0.24,0.12
2025-03-18 15:56:08.364857+00:00,0.06,0.31,0.0
2025-03-18 15:41:08.188046+00:00,-0.73,2.14,0.37
2025-03-18 15:33:37.012499+00:00,0.12,0.0,-0.18
2025-03-18 15:33:10.899122+00:00,1.1,-0.37,-0.24
2025-03-18 15:55:28.266240+00:00,-8.61,7.63,-0.12
2025-03-18 15:35:49.314890+00:00,-0.31,0.24,0.12
2025-03-18 15:36:59.474042+00:00,2.5,-0.06,0.92
2025-03-18 15:56:04.358019+00:00,0.12,0.37,-0.06
2025-03-18 15:54:56.197109+00:00,75.13,-256.23,322.08
2025-03-18 15:36:45.530570+00:00,-0.31,-1.04,-2.56
2025-03-18 15:50:35.756494+00:00,0.12,0.12,0.06
2025-03-18 15:35:57.326005+00:00,-0.18,0.12,-0.06
2025-03-18 15:49:59.606329+00:00,-0.12,0.12,0.18
2025-03-18 15:55:52.328775+00:00,0.06,0.31,-0.12
2025-03-18 15:41:46.281709+00:00,1.95,0.06,-0.37
2025-03-18 15:47:39.064315+00:00,0.31,0.61,-0.06
2025-03-18 15:54:20.088713+00:00,312.68,-29.24,-109.62
2025-03-18 15:57:46.609659+00:00,0.0,0.24,0.0
2025-03-18 15:52:37.854145+00:00,150.15,30.94,5.07
2025-03-18 15:39:13.812690+00:00,1.28,-0.55,0.0
2025-03-18 15:47:09.046678+00:00,-10.31,105.16,-199.77
2025-03-18 15:48:43.256618+00:00,0.18,0.12,0.0
2025-03-18 15:50:25.478977+00:00,0.0,0.24,0.0
2025-03-18 15:38:13.700111+00:00,6.53,-4.88,0.31
2025-03-18 15:35:01.478060+00:00,-0.79,0.24,0.0
2025-03-18 15:56:38.443627+00:00,0.24,-1.1,0.06
2025-03-18 15:51:41.739053+00:00,-27.04,62.87,-176.27
2025-03-18 15:36:39.473560+00:00,-1.89,0.85,1.71
2025-03-18 15:50:21.559362+00:00,0.06,0.18,0.0
2025-03-18 15:35:19.311710+00:00,0.24,0.12,0.18
2025-03-18 15:34:45.136118+00:00,0.79,0.79,0.24
2025-03-18 15:37:09.500315+00:00,23.07,-4.58,12.21
2025-03-18 15:52:09.796379+00:00,-122.31,-110.17,581.79
2025-03-18 15:33:35.068054+00:00,1.77,-1.1,0.18
2025-03-18 15:46:41.193878+00:00,2.81,1.46,0.49
2025-03-18 15:52:53.931609+00:00,47.42,-6.84,495.0
2025-03-18 15:37:23.607831+00:00,235.78,167.05,-76.42
2025-03-18 15:50:07.633509+00:00,0.06,0.06,0.06
2025-03-18 15:47:31.062389+00:00,-28.2,-12.51,2.01
2025-03-18 15:41:52.527551+00:00,0.0,0.49,-0.12
2025-03-18 15:53:11.955811+00:00,-84.23,-194.4,333.07
2025-03-18 15:56:20.394854+00:00,0.18,-0.06,0.0
2025-03-18 15:34:51.527587+00:00,0.0,0.12,0.31
2025-03-18 15:47:19.081039+00:00,29.05,154.66,-287.54
2025-03-18 15:35:05.283619+00:00,-0.18,0.18,0.24
2025-03-18 15:48:09.137315+00:00,5.74,15.08,-3.3
2025-03-18 15:51:57.818172+00:00,2.99,-73.12,60.73
2025-03-18 15:38:47.902908+00:00,-0.92,0.49,-0.79
2025-03-18 15:36:06.415331+00:00,0.43,0.0,-0.18
2025-03-18 15:40:05.007143+00:00,0.31,0.37,0.12
2025-03-18 15:41:28.157957+00:00,6.71,-0.43,-0.55
2025-03-18 15:38:21.791017+00:00,15.38,-1.53,0.43
2025-03-18 15:57:26.560616+00:00,9.64,10.93,-6.35
2025-03-18 15:35:07.229379+00:00,0.0,0.06,0.37
2025-03-18 15:40:03.266567+00:00,-0.24,0.67,0.18
2025-03-18 15:54:12.368758+00:00,243.65,-244.38,-145.39
2025-03-18 15:41:20.175475+00:00,-0.18,0.18,0.0
2025-03-18 15:48:27.280512+00:00,0.12,0.12,0.0
2025-03-18 15:49:45.380840+00:00,-0.12,0.37,-0.06
2025-03-18 15:51:19.723158+00:00,1.83,-5.25,19.17
2025-03-18 15:37:13.511937+00:00,-13.43,3.3,11.78
2025-03-18 15:50:55.555033+00:00,-0.18,-0.49,0.18
2025-03-18 15:54:16.160017+00:00,191.04,445.98,-192.87
2025-03-18 15:33:59.028583+00:00,1.59,-0.92,-0.85
2025-03-18 15:41:02.074187+00:00,-0.85,-1.04,0.61
2025-03-18 15:57:54.628947+00:00,0.06,0.06,0.0
2025-03-18 15:33:55.041519+00:00,2.14,0.92,0.43
2025-03-18 15:50:39.583946+00:00,0.06,0.12,0.06
2025-03-18 15:40:26.248235+00:00,0.06,-1.16,0.0
2025-03-18 15:50:47.573541+00:00,19.35,11.23,10.44
2025-03-18 15:57:14.530502+00:00,0.37,0.55,0.0
2025-03-18 15:41:42.173648+00:00,-1.4,1.16,0.0
2025-03-18 15:38:35.715323+00:00,0.24,0.37,-0.18
2025-03-18 15:38:39.723844+00:00,1.65,-1.1,-0.37
2025-03-18 15:52:27.818425+00:00,-102.36,-117.19,643.07
2025-03-18 15:41:24.162889+00:00,2.62,0.18,-0.67
2025-03-18 15:34:21.173113+00:00,-0.24,0.24,0.18
2025-03-18 15:34:05.071916+00:00,-1.83,-0.18,-0.43
2025-03-18 15:34:03.126325+00:00,0.24,-0.98,-2.87
2025-03-18 15:49:15.360385+00:00,0.12,0.12,0.0
2025-03-18 15:56:24.406300+00:00,0.18,-0.37,0.0
2025-03-18 15:39:35.925807+00:00,1.46,0.55,1.04
2025-03-18 15:34:23.077291+00:00,0.0,0.18,0.06
2025-03-18 15:56:00.562429+00:00,0.12,0.12,-0.06
2025-03-18 15:37:37.653369+00:00,0.24,0.61,-0.31
2025-03-18 15:35:31.293861+00:00,0.61,0.12,0.43
2025-03-18 15:57:44.616567+00:00,-0.24,0.18,0.12
2025-03-18 15:40:24.065722+00:00,-0.37,1.04,0.55
2025-03-18 15:50:13.468506+00:00,0.12,0.12,0.06
2025-03-18 15:54:50.165463+00:00,88.07,342.16,-17.21
2025-03-18 15:41:34.402420+00:00,0.73,0.24,0.24
2025-03-18 15:57:56.634951+00:00,0.0,0.18,0.0
2025-03-18 15:58:20.697012+00:00,-61.89,160.03,-330.08
2025-03-18 15:40:56.106330+00:00,0.79,0.18,-0.18
2025-03-18 15:48:05.162057+00:00,0.61,7.45,25.63
2025-03-18 15:49:33.433186+00:00,0.12,0.18,0.06
2025-03-18 15:38:09.653322+00:00,1.4,0.98,-0.73
2025-03-18 15:40:50.063359+00:00,3.36,3.3,-1.34
2025-03-18 15:55:38.294898+00:00,336.06,127.5,-19.35
2025-03-18 15:38:31.706086+00:00,-0.67,1.59,-0.18
2025-03-18 15:40:52.049104+00:00,0.55,-0.31,0.12
2025-03-18 15:36:15.363672+00:00,-0.61,0.24,-0.43
2025-03-18 15:58:14.734850+00:00,1.34,-0.18,-0.12
2025-03-18 15:38:33.940176+00:00,-0.85,0.98,-0.73
2025-03-18 15:36:19.419053+00:00,0.73,0.18,0.12
2025-03-18 15:48:51.345930+00:00,0.18,0.18,0.06
2025-03-18 15:40:30.001474+00:00,0.31,-0.06,0.18
2025-03-18 15:55:34.279826+00:00,-89.23,-79.83,20.57
2025-03-18 15:48:45.307077+00:00,0.12,0.18,0.06
2025-03-18 15:52:21.880450+00:00,145.32,-160.64,-212.65
2025-03-18 15:36:27.406925+00:00,-0.92,0.43,0.55
2025-03-18 15:38:23.682856+00:00,1.89,0.85,-0.49
2025-03-18 15:41:10.133027+00:00,1.65,-0.24,0.24
2025-03-18 15:35:37.268069+00:00,0.18,0.0,0.12
2025-03-18 15:40:59.177174+00:00,36.93,2.81,-5.31
2025-03-18 15:55:46.312674+00:00,0.12,-0.12,0.12
2025-03-18 15:57:58.639995+00:00,-0.12,0.12,0.0
2025-03-18 15:53:36.222032+00:00,1.53,0.06,-0.06
2025-03-18 15:40:20.265346+00:00,0.18,-0.49,0.12
2025-03-18 15:49:13.360556+00:00,0.98,0.43,0.18
2025-03-18 15:52:39.906506+00:00,-114.44,-39.12,539.86
2025-03-18 15:47:55.126751+00:00,-0.12,-0.61,-0.79
2025-03-18 15:49:37.425385+00:00,0.06,0.18,0.06
2025-03-18 15:51:59.760760+00:00,-55.48,19.84,487.37
2025-03-18 15:53:56.089365+00:00,163.21,171.02,-198.61
2025-03-18 15:57:32.578167+00:00,0.37,0.37,-0.06
2025-03-18 15:41:50.194038+00:00,0.0,0.49,0.18
2025-03-18 15:52:35.909114+00:00,-75.87,-157.47,507.51
2025-03-18 15:34:41.124913+00:00,-0.55,0.55,1.16
2025-03-18 15:41:30.205099+00:00,18.98,-1.28,-3.17
2025-03-18 15:51:21.628161+00:00,8.42,2.38,5.19
2025-03-18 15:34:31.099879+00:00,-0.24,0.06,-0.06
2025-03-18 15:52:01.809737+00:00,-15.08,-99.61,270.87
2025-03-18 15:37:25.570904+00:00,-187.07,-266.78,54.81
2025-03-18 15:34:49.208022+00:00,0.31,0.31,-0.06
2025-03-18 15:41:36.158642+00:00,0.43,0.18,0.06
2025-03-18 15:48:35.268965+00:00,0.12,0.18,0.0
2025-03-18 15:38:15.913919+00:00,-2.01,-1.22,1.1
2025-03-18 15:33:18.994750+00:00,0.49,0.43,0.31
2025-03-18 15:35:15.212149+00:00,-0.85,0.49,-0.31
2025-03-18 15:51:17.674796+00:00,-225.83,-317.14,204.28
2025-03-18 15:38:55.787600+00:00,0.43,-0.06,0.0
2025-03-18 15:53:21.989596+00:00,84.05,79.41,-271.73
2025-03-18 15:48:49.296178+00:00,0.12,0.12,0.06
2025-03-18 15:55:32.277593+00:00,-13.31,-5.92,4.09
2025-03-18 15:35:21.256108+00:00,0.18,0.06,0.18
2025-03-18 15:55:44.309058+00:00,-16.05,-2.26,-38.51
2025-03-18 15:54:52.173436+00:00,-177.86,-421.45,130.31
2025-03-18 15:56:36.610810+00:00,0.18,0.49,-0.06
2025-03-18 15:33:26.978311+00:00,-1.04,0.43,0.24
2025-03-18 15:32:54.857987+00:00,0.06,0.12,-0.06
2025-03-18 15:35:45.526165+00:00,-0.12,0.12,0.12
2025-03-18 15:58:36.737473+00:00,-7.26,-83.01,26.0
2025-03-18 15:52:11.843981+00:00,98.33,209.72,-277.04
2025-03-18 15:41:54.268124+00:00,1.4,-0.73,0.12
2025-03-18 15:38:57.832749+00:00,-0.06,0.24,0.31
2025-03-18 15:36:35.497348+00:00,0.55,0.37,0.37
2025-03-18 15:36:43.996669+00:00,-0.79,0.12,1.04
2025-03-18 15:36:37.441882+00:00,-0.55,0.12,-0.55
2025-03-18 15:51:07.639286+00:00,1.77,135.07,99.49
2025-03-18 15:54:26.107280+00:00,7.51,-5.37,-3.48
2025-03-18 15:47:53.387488+00:00,-0.98,-1.04,2.26
2025-03-18 15:53:38.065272+00:00,1.04,0.24,-0.06
2025-03-18 15:40:03.576050+00:00,-0.06,0.98,0.37
2025-03-18 15:38:03.638754+00:00,3.23,-0.12,-0.31
2025-03-18 15:54:14.111859+00:00,-97.11,-224.49,379.15
2025-03-18 15:55:36.288316+00:00,327.88,-145.39,-73.12
2025-03-18 15:42:02.254640+00:00,1.95,5.62,-1.53
2025-03-18 15:40:38.391329+00:00,-0.73,-0.37,-0.12
2025-03-18 15:52:15.837547+00:00,-32.78,-98.63,64.88
2025-03-18 15:37:51.684048+00:00,0.49,-0.06,0.18
2025-03-18 15:40:36.009898+00:00,2.5,-0.92,-0.49
2025-03-18 15:57:22.548586+00:00,0.67,0.31,-0.43
2025-03-18 15:41:56.316556+00:00,-3.3,-0.18,0.18
2025-03-18 15:46:55.019731+00:00,-0.92,-0.98,-0.06
2025-03-18 15:37:57.790319+00:00,0.18,0.37,-0.06
2025-03-18 15:48:15.196139+00:00,0.06,0.12,0.06
2025-03-18 15:36:49.500997+00:00,1.28,0.24,0.61
2025-03-18 15:37:59.670346+00:00,5.37,-0.18,1.16
2025-03-18 15:51:47.985070+00:00,1.28,-0.55,0.49
2025-03-18 15:37:41.646929+00:00,-0.12,0.43,0.24
2025-03-18 15:50:59.654494+00:00,72.63,-545.29,72.39
2025-03-18 15:51:35.667565+00:00,-129.21,-461.55,439.76
2025-03-18 15:49:29.437389+00:00,0.06,0.18,0.06
2025-03-18 15:39:39.919353+00:00,-0.31,-1.28,-0.06
2025-03-18 15:37:27.620323+00:00,-6.47,-16.72,-0.79
2025-03-18 15:49:05.535624+00:00,0.06,0.18,0.06
2025-03-18 15:55:02.196730+00:00,-25.51,273.32,27.53
2025-03-18 15:57:04.506038+00:00,0.0,0.49,-0.31
2025-03-18 15:37:07.494598+00:00,16.17,-56.95,-8.73
2025-03-18 15:50:33.547414+00:00,0.12,0.24,0.0
2025-03-18 15:56:28.415622+00:00,0.12,0.18,0.0
2025-03-18 15:33:04.961825+00:00,0.92,0.37,0.06
2025-03-18 15:33:22.929800+00:00,-0.12,0.61,0.98
2025-03-18 15:48:39.262680+00:00,0.18,0.18,0.0
2025-03-18 15:48:29.429940+00:00,0.12,0.12,0.06
2025-03-18 15:39:52.003135+00:00,-5.98,-0.61,-1.95
2025-03-18 15:48:53.290097+00:00,-14.4,-4.09,20.45
2025-03-18 15:35:13.205364+00:00,0.24,0.06,0.49
2025-03-18 15:53:15.946077+00:00,101.81,-12.08,-154.11
2025-03-18 15:48:13.253748+00:00,0.06,0.37,-0.06
2025-03-18 15:40:06.031699+00:00,-6.35,1.04,0.92
2025-03-18 15:39:41.974022+00:00,0.92,-0.92,0.18
2025-03-18 15:51:09.591989+00:00,62.01,253.78,-708.31
2025-03-18 15:49:43.466542+00:00,0.12,0.18,0.0
2025-03-18 15:58:02.648407+00:00,-1.04,0.49,-0.98
2025-03-18 15:58:07.435419+00:00,-0.73,-0.73,0.49
2025-03-18 15:48:21.238930+00:00,0.12,0.18,0.06
2025-03-18 15:41:22.217228+00:00,-8.85,-0.73,-5.25
2025-03-18 15:38:05.711149+00:00,0.61,0.85,-0.06
2025-03-18 15:47:06.999705+00:00,44.98,-86.06,299.62
2025-03-18 15:49:51.454119+00:00,-0.24,0.06,0.18
2025-03-18 15:40:54.115168+00:00,-0.55,-0.79,0.18
2025-03-18 15:50:17.770223+00:00,0.12,0.18,0.06
2025-03-18 15:38:53.839639+00:00,-0.12,-0.12,0.55
2025-03-18 15:33:32.955240+00:00,0.0,0.18,0.06
2025-03-18 15:57:36.590037+00:00,0.31,-0.92,0.73
2025-03-18 15:39:46.232275+00:00,0.06,0.73,0.06
2025-03-18 15:53:32.023548+00:00,-45.78,190.8,-290.65
2025-03-18 15:37:11.542063+00:00,16.11,147.46,18.74
2025-03-18 15:39:07.868650+00:00,0.49,-0.55,-0.73
2025-03-18 15:53:40.011245+00:00,78.37,244.87,50.6
2025-03-18 15:54:40.141038+00:00,-4.15,-2.69,1.04
2025-03-18 15:51:37.746735+00:00,-79.41,-85.33,288.27
2025-03-18 15:57:42.605609+00:00,0.43,-0.24,0.18
2025-03-18 15:58:08.666485+00:00,0.12,0.18,0.12
2025-03-18 15:53:24.036812+00:00,-13.92,-172.42,280.58
2025-03-18 15:49:57.495950+00:00,0.06,0.12,0.06
2025-03-18 15:47:43.146590+00:00,-3.72,-7.63,-1.95
2025-03-18 15:54:30.495095+00:00,-19.35,-149.96,523.07
2025-03-18 15:52:45.839049+00:00,-41.14,-121.52,601.81
2025-03-18 15:52:51.884886+00:00,1.28,-34.73,447.57
2025-03-18 15:41:04.097327+00:00,0.79,0.18,0.0
2025-03-18 15:49:53.502471+00:00,-0.24,0.24,0.0
2025-03-18 15:52:57.933344+00:00,24.29,41.99,-195.62
2025-03-18 15:34:27.088035+00:00,-0.12,0.18,0.24
2025-03-18 15:46:52.943932+00:00,4.64,-1.77,3.48
2025-03-18 15:34:17.063594+00:00,0.31,0.18,0.0
2025-03-18 15:55:00.251356+00:00,-113.04,213.2,-213.68
2025-03-18 15:41:32.252297+00:00,14.16,8.06,-2.2
2025-03-18 15:49:35.363371+00:00,0.12,0.12,0.06
2025-03-18 15:54:36.230043+00:00,14.95,14.1,-5.62
2025-03-18 15:55:16.233927+00:00,-80.63,61.83,254.09
2025-03-18 15:35:23.231100+00:00,1.28,0.31,0.0
2025-03-18 15:47:25.125879+00:00,-27.22,21.24,-58.72
2025-03-18 15:52:13.790602+00:00,32.59,50.17,-394.29
2025-03-18 15:54:04.078666+00:00,6.71,-11.66,7.14
2025-03-18 15:34:53.157220+00:00,0.55,0.24,0.31
2025-03-18 15:48:57.283462+00:00,0.12,0.12,0.06
2025-03-18 15:37:49.599826+00:00,0.24,-0.31,0.06
2025-03-18 15:57:28.565184+00:00,-4.46,-24.17,-26.06
2025-03-18 15:36:51.475313+00:00,3.23,-1.34,0.31
2025-03-18 15:56:54.735704+00:00,-3.42,18.62,-16.54
2025-03-18 15:33:24.933343+00:00,0.73,0.18,0.0
2025-03-18 15:54:32.134468+00:00,-3.66,2.2,5.31
2025-03-18 15:39:47.906577+00:00,-0.98,1.22,0.24
2025-03-18 15:48:37.316344+00:00,0.12,0.12,0.06
2025-03-18 15:33:12.902253+00:00,0.43,-0.06,-0.12
2025-03-18 15:47:03.007251+00:00,0.49,1.34,0.06
2025-03-18 15:56:52.477033+00:00,-124.15,-33.14,110.53
2025-03-18 15:40:44.028294+00:00,1.04,-1.34,0.0
2025-03-18 15:49:49.393647+00:00,0.24,0.12,0.06
2025-03-18 15:35:39.273343+00:00,0.06,0.12,0.43
2025-03-18 15:51:01.599546+00:00,68.05,87.4,-117.13
2025-03-18 15:56:42.504337+00:00,0.12,0.18,0.0
2025-03-18 15:51:11.840299+00:00,392.27,254.58,-168.03
2025-03-18 15:47:47.080881+00:00,1.34,-8.91,41.99
2025-03-18 15:46:42.921494+00:00,5.86,1.83,0.49
2025-03-18 15:54:38.174674+00:00,-12.21,12.82,-6.84
2025-03-18 15:52:33.860976+00:00,-60.36,183.96,-577.33
2025-03-18 15:38:19.739584+00:00,-0.55,0.37,0.55
2025-03-18 15:53:18.201252+00:00,291.14,-51.94,-260.44
2025-03-18 15:33:47.047795+00:00,2.56,-0.12,-0.06
2025-03-18 15:34:55.187161+00:00,0.18,0.12,-0.12
2025-03-18 15:49:17.353951+00:00,0.12,0.18,0.06
2025-03-18 15:57:02.501075+00:00,0.12,0.24,-0.12
2025-03-18 15:42:00.311215+00:00,-2.93,0.0,0.37
2025-03-18 15:57:16.534788+00:00,-0.24,-0.12,0.31
2025-03-18 15:52:07.858545+00:00,48.83,-53.53,-80.2
2025-03-18 15:57:18.539994+00:00,-0.31,0.73,-0.61
2025-03-18 15:56:02.351360+00:00,0.12,0.18,0.0
2025-03-18 15:38:07.655795+00:00,-15.08,2.08,-0.85
2025-03-18 15:37:05.758920+00:00,0.49,-0.12,0.37
2025-03-18 15:48:11.373112+00:00,-10.07,3.91,24.9
2025-03-18 15:36:33.447860+00:00,0.31,0.31,0.37
2025-03-18 15:49:25.340952+00:00,0.18,0.18,0.06
2025-03-18 15:55:42.546021+00:00,-260.86,91.43,228.52
2025-03-18 15:55:56.337274+00:00,0.18,0.37,-0.06
2025-03-18 15:55:12.224893+00:00,-59.33,-190.92,418.52
2025-03-18 15:39:31.932588+00:00,0.06,-0.06,0.0
2025-03-18 15:56:32.427933+00:00,0.0,-0.12,0.0
2025-03-18 15:34:59.168893+00:00,-0.43,0.61,0.43
2025-03-18 15:50:09.437826+00:00,0.0,0.06,0.06
2025-03-18 15:34:19.099612+00:00,0.24,0.12,0.18
2025-03-18 15:46:59.218529+00:00,30.15,-28.38,-36.56
2025-03-18 15:50:57.603464+00:00,-66.96,126.89,-136.05
2025-03-18 15:41:06.141193+00:00,-8.48,4.33,11.66
2025-03-18 15:37:39.809009+00:00,-0.92,0.43,-0.31
2025-03-18 15:37:47.596054+00:00,0.73,0.24,0.31
2025-03-18 15:40:32.758434+00:00,-0.55,0.67,1.04
2025-03-18 15:54:24.147412+00:00,-105.96,-198.79,410.22
2025-03-18 15:39:15.856660+00:00,-1.04,3.23,0.24
2025-03-18 15:47:21.014788+00:00,69.58,198.06,-359.13
2025-03-18 15:33:06.888645+00:00,0.12,0.18,0.37
2025-03-18 15:36:13.377978+00:00,-0.24,0.06,0.0
2025-03-18 15:41:48.227532+00:00,-1.1,1.16,0.0
2025-03-18 15:48:31.274641+00:00,0.12,0.18,0.06
2025-03-18 15:55:22.253547+00:00,133.73,-48.16,-241.82
2025-03-18 15:56:18.584134+00:00,0.06,0.18,0.0
2025-03-18 15:47:59.121506+00:00,15.01,19.47,12.39
2025-03-18 15:33:57.391704+00:00,1.59,-0.73,-2.01
2025-03-18 15:53:34.073674+00:00,-4.09,110.84,-97.78
2025-03-18 15:36:23.687348+00:00,-0.37,0.43,0.37
2025-03-18 15:53:58.138820+00:00,-76.05,207.03,250.98
2025-03-18 15:41:14.103466+00:00,-0.55,1.22,-1.04
2025-03-18 15:38:52.390411+00:00,0.98,-0.18,-15.44
2025-03-18 15:57:30.784064+00:00,-7.63,-43.88,7.81
2025-03-18 15:54:42.169410+00:00,-32.65,266.78,142.46
2025-03-18 15:57:52.624117+00:00,-1.34,1.4,-0.24
2025-03-18 15:54:02.236377+00:00,130.07,173.83,-273.74
2025-03-18 15:51:27.642184+00:00,185.49,387.63,-625.37
2025-03-18 15:57:38.602221+00:00,0.31,0.37,-0.12
2025-03-18 15:58:24.953216+00:00,181.88,-162.96,80.2
2025-03-18 15:34:57.170954+00:00,-0.37,0.18,0.43
2025-03-18 15:50:37.538866+00:00,0.12,0.18,0.06
2025-03-18 15:53:20.043406+00:00,-58.17,-128.36,342.59
2025-03-18 15:39:21.830168+00:00,-0.18,0.37,-0.18
2025-03-18 15:34:37.121565+00:00,0.49,0.24,-0.31
2025-03-18 15:41:16.347186+00:00,-0.06,0.24,-0.18
2025-03-18 15:40:40.437964+00:00,0.18,0.31,0.43
2025-03-18 15:33:49.105223+00:00,-1.1,-0.73,-0.79
2025-03-18 15:49:07.319728+00:00,0.12,0.18,0.06
2025-03-18 15:36:01.447437+00:00,0.61,0.31,0.61
2025-03-18 15:48:59.331054+00:00,0.12,0.06,0.06
2025-03-18 15:38:37.762757+00:00,2.26,-1.46,-0.18
2025-03-18 15:51:53.721093+00:00,12.63,-14.16,-59.33
2025-03-18 15:52:43.894346+00:00,-61.34,121.95,-456.85
2025-03-18 15:41:26.138338+00:00,-4.94,-1.83,-3.05
2025-03-18 15:52:55.876842+00:00,96.98,90.82,-465.15
2025-03-18 15:52:17.786234+00:00,-58.35,-13.06,162.78
2025-03-18 15:56:48.465160+00:00,13.61,-142.21,601.56
2025-03-18 15:52:03.755157+00:00,-33.57,68.54,-241.09
2025-03-18 15:54:48.472865+00:00,-69.03,246.89,-59.69
2025-03-18 15:41:58.262111+00:00,0.55,0.49,-0.37
2025-03-18 15:46:51.022554+00:00,0.73,0.24,0.37
2025-03-18 15:57:06.514797+00:00,-0.06,-0.18,0.24
2025-03-18 15:53:14.002120+00:00,67.81,5.98,-358.58
2025-03-18 15:55:20.244233+00:00,-23.99,-56.76,76.48
2025-03-18 15:34:25.083284+00:00,0.43,0.12,0.06
2025-03-18 15:49:01.277185+00:00,0.12,0.18,0.0
2025-03-18 15:56:34.432917+00:00,0.24,0.06,-0.06
2025-03-18 15:41:00.099398+00:00,1.95,1.89,0.43
2025-03-18 15:50:05.430055+00:00,0.18,0.18,0.06
2025-03-18 15:51:39.694887+00:00,-13.43,47.24,-20.81
2025-03-18 15:52:49.911046+00:00,-67.81,-15.99,559.51
2025-03-18 15:58:28.721472+00:00,75.26,-44.98,71.29
2025-03-18 15:35:47.304132+00:00,2.5,-0.49,0.18
2025-03-18 15:47:45.091465+00:00,-12.82,2.44,-54.5
2025-03-18 15:53:48.098887+00:00,151.0,143.13,-177.37
2025-03-18 15:57:50.619534+00:00,0.18,0.0,0.12
2025-03-18 15:48:23.185383+00:00,0.67,-4.03,1.77
2025-03-18 15:49:31.382126+00:00,0.12,0.18,0.06
2025-03-18 15:52:06.007724+00:00,-68.91,224.37,-507.26
2025-03-18 15:54:54.175353+00:00,90.76,230.9,-122.62
2025-03-18 15:40:10.028823+00:00,-5.31,-1.83,-3.66
2025-03-18 15:47:57.175090+00:00,10.99,-5.37,-37.41
2025-03-18 15:50:27.484576+00:00,0.06,0.06,0.06
2025-03-18 15:41:38.170403+00:00,1.46,-0.73,0.12
2025-03-18 15:33:45.000279+00:00,-8.06,1.89,-3.66
2025-03-18 15:53:46.052113+00:00,26.92,-27.16,168.4
2025-03-18 15:48:55.340554+00:00,1.71,19.84,-13.85
2025-03-18 15:34:13.160320+00:00,2.08,1.16,-0.55
2025-03-18 15:33:28.950788+00:00,0.61,0.0,-0.31
2025-03-18 15:55:14.231531+00:00,-100.1,286.93,-202.82
2025-03-18 15:49:09.291157+00:00,-30.27,69.95,25.45
2025-03-18 15:52:24.030708+00:00,135.38,-140.08,-107.3
2025-03-18 15:50:51.562943+00:00,-0.43,1.77,-0.37
2025-03-18 15:36:55.466452+00:00,-0.18,0.31,0.12
2025-03-18 15:55:54.331969+00:00,0.06,0.24,-0.12
2025-03-18 15:33:00.969294+00:00,0.0,0.06,-0.12
2025-03-18 15:50:19.464922+00:00,0.18,0.18,0.06
2025-03-18 15:35:27.466725+00:00,0.49,0.06,-0.06
2025-03-18 15:35:09.441988+00:00,0.49,0.31,0.37
2025-03-18 15:56:56.486505+00:00,0.31,0.61,-0.31
2025-03-18 15:33:53.093788+00:00,2.32,-0.31,-0.55
2025-03-18 15:41:44.177389+00:00,4.21,-1.16,0.43
2025-03-18 15:37:15.514402+00:00,-2.08,-3.78,0.61
2025-03-18 15:50:49.617859+00:00,-12.51,16.11,-55.54
2025-03-18 15:56:26.418870+00:00,0.12,0.43,0.0
2025-03-18 15:36:29.454799+00:00,0.37,-0.12,-0.79
2025-03-18 15:56:10.371068+00:00,0.0,0.31,-0.06
2025-03-18 15:39:19.824245+00:00,-1.04,0.79,0.18
2025-03-18 15:38:41.728882+00:00,-1.22,-0.12,-1.16
2025-03-18 15:39:11.801812+00:00,-1.28,-0.31,-0.92
2025-03-18 15:39:43.914056+00:00,0.67,-0.92,-0.43
2025-03-18 15:47:27.072062+00:00,-31.98,-36.07,1.53
2025-03-18 15:34:29.095432+00:00,-0.06,0.31,0.18
2025-03-18 15:51:31.702878+00:00,130.31,52.61,-258.61
2025-03-18 15:47:33.045248+00:00,312.5,-244.75,-47.85
2025-03-18 15:56:50.473629+00:00,13.79,19.47,-349.67
2025-03-18 15:35:59.322095+00:00,0.24,0.0,0.12
2025-03-18 15:36:42.665042+00:00,-2.87,0.18,-0.55
2025-03-18 15:46:47.040244+00:00,-0.55,0.12,0.31
2025-03-18 15:54:06.124382+00:00,63.9,208.68,-193.36
2025-03-18 15:39:05.808609+00:00,-17.58,1.28,6.84
2025-03-18 15:37:35.566930+00:00,-0.85,0.37,-0.12
2025-03-18 15:58:30.719542+00:00,-130.0,-266.48,376.1
2025-03-18 15:54:58.185879+00:00,-59.33,170.59,-194.21
2025-03-18 15:35:03.182417+00:00,-2.01,0.43,-0.92
2025-03-18 15:53:09.905886+00:00,-18.8,14.22,-14.89
2025-03-18 15:40:46.030475+00:00,1.1,-1.1,-0.06
2025-03-18 15:34:15.275260+00:00,-0.06,-0.31,-0.12
2025-03-18 15:39:33.877687+00:00,-14.16,-3.78,-3.78
2025-03-18 15:55:40.295562+00:00,-223.27,-427.43,35.77
2025-03-18 15:49:47.460598+00:00,0.18,0.12,0.06
2025-03-18 15:36:25.460653+00:00,0.0,0.43,0.24
2025-03-18 15:53:54.346379+00:00,193.79,77.03,-250.37
2025-03-18 15:58:18.688982+00:00,-176.09,-23.93,358.28
2025-03-18 15:56:40.447118+00:00,0.12,0.18,0.0
2025-03-18 15:36:21.467328+00:00,-0.12,0.18,0.37
2025-03-18 15:55:48.321911+00:00,0.37,0.73,0.18
2025-03-18 15:40:14.017379+00:00,-0.55,0.06,0.55
2025-03-18 15:35:41.327230+00:00,0.24,0.06,-0.06
2025-03-18 15:48:07.210332+00:00,-3.05,-8.54,-29.3
2025-03-18 15:39:49.954911+00:00,0.18,-1.28,-0.49
2025-03-18 15:54:34.182502+00:00,15.75,-17.64,-1.1
2025-03-18 15:37:55.675515+00:00,-2.26,-2.2,0.31
2025-03-18 15:39:53.955184+00:00,0.37,-0.73,0.06
2025-03-18 15:51:29.860939+00:00,142.03,21.36,-269.29
2025-03-18 15:33:08.961123+00:00,-0.92,-0.06,-0.98
2025-03-18 15:37:53.627251+00:00,4.39,-0.12,-0.43
2025-03-18 15:49:19.402762+00:00,0.06,0.12,0.0
2025-03-18 15:38:43.805566+00:00,-0.31,0.55,0.18
2025-03-18 15:47:37.115803+00:00,0.18,0.49,-0.06
2025-03-18 15:57:49.016491+00:00,0.37,0.0,0.31
2025-03-18 15:39:29.987763+00:00,0.73,-0.55,-0.31
2025-03-18 15:54:46.157033+00:00,17.15,-150.27,100.89
2025-03-18 15:32:56.861237+00:00,0.12,0.12,0.12
2025-03-18 15:47:01.058860+00:00,-12.39,-6.53,-7.51
2025-03-18 15:53:25.953078+00:00,-24.11,-135.62,320.86
2025-03-18 15:56:06.362444+00:00,0.06,0.31,-0.12
2025-03-18 15:40:03.881695+00:00,0.43,-1.59,-0.12
2025-03-18 15:50:03.423489+00:00,0.18,0.18,0.0
2025-03-18 15:51:33.653943+00:00,-23.74,-36.62,-184.27
2025-03-18 15:35:17.266042+00:00,-0.18,0.43,0.43
2025-03-18 15:39:17.817127+00:00,1.22,-1.22,-0.31
2025-03-18 15:51:13.682848+00:00,2.01,-3.05,-0.98
2025-03-18 15:58:34.731797+00:00,296.08,-123.47,58.78
2025-03-18 15:55:24.533148+00:00,151.61,-17.94,-101.81
2025-03-18 15:57:24.555083+00:00,1.34,3.23,-1.46
2025-03-18 15:57:08.516436+00:00,0.0,0.06,0.12
2025-03-18 15:34:33.501337+00:00,0.18,0.12,-0.06
2025-03-18 15:46:48.935045+00:00,-0.18,0.0,0.18
2025-03-18 15:34:01.023861+00:00,0.98,-0.18,-0.49
2025-03-18 15:48:17.245446+00:00,0.06,0.12,0.06
2025-03-18 15:56:58.490514+00:00,-0.24,-0.85,0.85
2025-03-18 15:49:03.325551+00:00,0.12,0.18,0.06
2025-03-18 15:51:43.683967+00:00,11.72,88.62,-417.54
2025-03-18 15:54:00.085738+00:00,23.99,189.33,-40.04
2025-03-18 15:39:28.143154+00:00,0.98,1.16,-0.06
2025-03-18 15:58:32.729874+00:00,107.3,103.64,-268.74
2025-03-18 15:48:19.191042+00:00,0.18,0.12,0.06
2025-03-18 15:38:17.672167+00:00,0.37,1.1,-0.98
2025-03-18 15:38:25.688578+00:00,-0.73,0.31,0.06
2025-03-18 15:33:03.123163+00:00,-0.85,0.43,1.1
2025-03-18 15:38:01.718182+00:00,0.18,0.31,0.24
2025-03-18 15:55:18.239249+00:00,88.13,-153.93,-104.19
2025-03-18 15:33:21.243621+00:00,0.43,0.0,-0.06
2025-03-18 15:56:30.420732+00:00,0.12,0.37,-0.06
2025-03-18 15:40:15.965751+00:00,0.73,0.61,0.61
2025-03-18 15:37:31.553292+00:00,-11.29,2.2,-0.12
2025-03-18 15:49:39.473862+00:00,0.12,0.18,0.06
2025-03-18 15:47:17.238295+00:00,-28.02,-11.17,240.17
2025-03-18 15:51:23.677770+00:00,-6.23,-132.26,539.73
2025-03-18 15:51:15.608287+00:00,-194.76,-103.58,361.45
2025-03-18 15:56:12.375725+00:00,0.06,0.37,-0.06
2025-03-18 15:50:53.815634+00:00,0.85,-2.87,1.1
2025-03-18 15:58:22.699056+00:00,59.51,-27.28,160.46
2025-03-18 15:34:11.116913+00:00,0.98,-0.12,-0.12
2025-03-18 15:54:44.215518+00:00,-73.79,-191.1,468.38
2025-03-18 15:57:00.498770+00:00,-0.49,0.43,-0.12
2025-03-18 15:48:03.216872+00:00,-1.22,5.55,3.36
2025-03-18 15:48:25.232688+00:00,0.18,0.12,0.0
2025-03-18 15:51:45.731403+00:00,-205.93,206.79,-405.03
2025-03-18 15:47:04.973376+00:00,-17.7,-175.05,436.16
2025-03-18 15:48:33.219372+00:00,0.06,0.12,0.06
2025-03-18 15:47:29.116650+00:00,0.0,0.92,0.0
2025-03-18 15:58:16.686170+00:00,83.86,-125.85,-294.86
2025-03-18 15:46:57.067157+00:00,-6.16,77.88,13.37
2025-03-18 15:52:47.889232+00:00,-52.25,183.72,-542.97
2025-03-18 15:37:21.783247+00:00,30.15,99.49,-7.87
2025-03-18 15:50:15.477885+00:00,-0.12,-0.06,0.12
2025-03-18 15:47:35.323485+00:00,-0.18,0.06,0.0
2025-03-18 15:55:58.340651+00:00,0.06,0.24,-0.06
2025-03-18 15:34:43.132710+00:00,0.12,0.18,0.55
2025-03-18 15:47:51.133048+00:00,4.76,0.31,8.24
2025-03-18 15:49:21.450158+00:00,0.18,0.18,0.06
2025-03-18 15:36:09.589671+00:00,-0.24,0.61,0.61
2025-03-18 15:54:08.068329+00:00,220.64,-17.27,-258.67
2025-03-18 15:56:44.455373+00:00,1.53,5.98,6.65
2025-03-18 15:40:35.544438+00:00,2.44,-1.04,0.37
2025-03-18 15:36:07.341805+00:00,-0.55,-0.06,-0.06
2025-03-18 15:40:23.133072+00:00,-5.68,-1.1,-2.56
2025-03-18 15:58:04.654828+00:00,0.73,0.43,-0.06
2025-03-18 15:35:53.310745+00:00,-0.12,-0.06,-0.12
2025-03-18 15:57:40.603907+00:00,-0.61,0.37,0.12
2025-03-18 15:37:19.532433+00:00,-78.92,-328.86,34.06
2025-03-18 15:47:49.188606+00:00,-9.64,-22.16,13.0
2025-03-18 15:39:23.830949+00:00,0.37,-1.34,-0.24
2025-03-18 15:40:48.035796+00:00,0.49,0.37,-0.06
2025-03-18 15:36:47.477510+00:00,8.24,0.43,-0.49
2025-03-18 15:33:39.334731+00:00,0.12,0.37,0.0
2025-03-18 15:58:12.677566+00:00,2.44,-0.73,-0.24
2025-03-18 15:36:17.370158+00:00,-7.75,0.67,-0.92
2025-03-18 15:39:01.825982+00:00,0.24,-1.04,0.24
2025-03-18 15:48:41.225609+00:00,0.12,0.18,0.06
2025-03-18 15:55:10.219311+00:00,-29.85,-143.49,31.74
2025-03-18 15:38:59.784140+00:00,-2.44,-0.61,0.37
2025-03-18 15:53:52.093847+00:00,401.31,-92.41,-174.74
2025-03-18 15:57:34.580715+00:00,-0.43,0.24,0.06
2025-03-18 15:41:40.168645+00:00,-0.31,0.24,0.37
2025-03-18 15:35:25.235165+00:00,-0.73,0.18,0.31
2025-03-18 15:33:16.942712+00:00,-0.12,0.24,0.43
2025-03-18 15:47:41.098807+00:00,-0.24,0.06,0.0
2025-03-18 15:53:03.965457+00:00,-128.23,-404.66,249.63
2025-03-18 15:54:18.103876+00:00,-75.07,12.7,422.91
2025-03-18 15:49:11.312365+00:00,0.06,-0.55,0.24
2025-03-18 15:49:23.601272+00:00,0.18,0.12,0.06
2025-03-18 15:35:33.258185+00:00,-0.55,0.18,0.85
2025-03-18 15:38:29.701609+00:00,2.14,-0.67,0.0
2025-03-18 15:36:06.708312+00:00,0.98,-15.14,0.55
2025-03-18 15:39:25.837987+00:00,-0.67,1.65,0.18
2025-03-18 15:47:23.078498+00:00,2.81,16.54,4.27
2025-03-18 15:57:20.544251+00:00,0.0,0.18,0.0
2025-03-18 15:49:55.447325+00:00,0.61,0.24,0.0
2025-03-18 15:34:47.141023+00:00,-2.81,-3.36,-0.12
2025-03-18 15:52:31.914044+00:00,115.66,9.52,-17.76
2025-03-18 15:53:41.989530+00:00,111.02,-22.34,43.76
2025-03-18 15:58:00.643691+00:00,-0.24,0.49,-0.12
2025-03-18 15:39:10.120660+00:00,-1.1,0.98,-19.71
2025-03-18 15:38:49.845614+00:00,0.79,-1.1,0.18
2025-03-18 15:36:31.473959+00:00,2.08,0.31,0.12
2025-03-18 15:47:11.095077+00:00,8.36,23.32,-129.46
2025-03-18 15:57:12.754806+00:00,-0.37,1.83,-0.85
2025-03-18 15:42:06.248111+00:00,5.62,-5.55,2.5
2025-03-18 15:34:07.038373+00:00,-0.92,0.43,1.04
2025-03-18 15:34:09.071344+00:00,-1.04,-0.18,-0.37
2025-03-18 15:58:26.713872+00:00,-20.75,7.08,-57.19
2025-03-18 15:47:13.041358+00:00,-33.57,114.93,-447.75
2025-03-18 15:57:10.520913+00:00,-0.31,1.34,-1.04
2025-03-18 15:40:42.077482+00:00,-2.56,1.71,-0.06
2025-03-18 15:52:19.832116+00:00,-56.95,-99.0,341.13
2025-03-18 15:34:35.124122+00:00,-0.37,0.31,0.37
2025-03-18 15:55:08.218706+00:00,147.4,-118.29,471.37
